id,permalink,thread_id,date,ip,from,to,subject,body
1h2b75c,https://www.reddit.com/message/messages/1h2b75c,1h2b75c,2022-08-31 16:21:08 UTC,,welcomebot,/u/Erlangga121297,Welcome to r/landxfinance!,"Welcome to the LandX subreddit, we're glad to have you on board!
LandX is the first perpetual commodity bonds DeFi protocol, running on the Ethereum blockchain.

Discord: https://discord.gg/hFeUwGchzg
Twitter: https://twitter.com/landxfinance
Telegram: https://t.me/landxfinance

----

This message can not be replied to. If you have questions for the moderators of r/landxfinance you can message them [here](https://reddit.com/message/compose?to=r/landxfinance)."
1wkvg24,https://www.reddit.com/message/messages/1wkvg24,1wkvg24,2023-07-04 18:32:00 UTC,,welcomebot,/u/Erlangga121297,Welcome to r/0xMantle!,"Welcome to the Mantle Subreddit! 

----

This message can not be replied to. If you have questions for the moderators of r/0xMantle you can message them [here](https://reddit.com/message/compose?to=r/0xMantle)."
